#Run,StartTime,StopTime,Delivered,Recorded
160431,2011-03-14 04:12:25.868363,2011-03-14 05:41:51.956043,8466.3057405,7564.26983656
160432,2011-03-14 05:42:38.534380,2011-03-14 06:12:35.007212,2655.09051794,2114.65144712
160433,2011-03-14 06:13:53.321685,2011-03-14 06:20:53.276373,415.964575734,336.50942987
160442,2011-03-14 09:50:17.115649,2011-03-14 09:49:53.784833,2146.93952184,1553.31960915
160443,2011-03-14 10:00:58.002319,2011-03-14 10:08:44.618639,887.645365501,590.94786864
160444,2011-03-14 10:09:34.072145,2011-03-14 10:37:33.890897,3025.72827741,2677.30442164
160445,2011-03-14 10:38:37.667043,2011-03-14 10:52:14.245603,1459.55034781,1050.25670274
160446,2011-03-14 10:53:25.880728,2011-03-14 11:14:25.744792,2189.60535947,1752.09820343
160447,2011-03-14 11:15:12.480542,2011-03-14 11:39:42.321950,2477.87227725,1859.46384649
160449,2011-03-14 11:40:38.024670,2011-03-14 11:56:57.918942,1637.8544237,1165.74148797
160450,2011-03-14 11:58:02.418697,2011-03-14 12:15:32.305417,1717.61322132,824.293174077
160452,2011-03-14 12:16:35.386431,2011-03-14 12:31:21.957439,1429.03152583,0.000553664725053
160454,2011-03-14 12:32:27.706844,2011-03-14 12:47:37.608668,1520.52623191,1168.25895412
160455,2011-03-14 12:48:40.303320,2011-03-14 13:00:43.558616,1202.38345094,254.404852735
160456,2011-03-14 13:01:43.018970,2011-03-14 13:42:09.423834,3843.55427166,482.940846442
160466,2011-03-14 14:46:50.510117,2011-03-14 14:54:37.126437,730.565388567,416.794274174
160467,2011-03-14 14:55:57.901833,2011-03-14 14:57:07.894281,138.278253622,138.013898796
160497,2011-03-15 00:46:40.809129,2011-03-15 03:20:39.812265,13397.7462896,11556.667501
160498,2011-03-15 03:21:25.122644,2011-03-15 03:48:14.948948,2421.31943956,1463.88257351
160499,2011-03-15 03:49:27.830416,2011-03-15 03:54:31.131024,361.966584568,361.81731726
160577,2011-03-16 01:05:52.248122,2011-03-16 03:16:54.733114,11025.7990825,8654.25258859
160578,2011-03-16 03:17:45.410285,2011-03-16 06:15:04.262381,13676.58239,11981.6713248
160579,2011-03-16 06:16:13.570295,2011-03-16 07:31:16.417783,5312.95840481,4967.0452382
160808,2011-03-18 14:10:47.522134,2011-03-18 14:41:07.325782,57926.393148,39516.2960792
160815,2011-03-18 14:42:09.479879,2011-03-18 15:18:19.245767,68985.8739682,54220.8067209
160819,2011-03-18 15:19:19.823601,2011-03-18 16:04:26.198257,82912.666823,71470.4575194
160827,2011-03-18 16:05:38.005864,2011-03-18 16:26:14.539112,37247.5482529,23749.486402
160835,2011-03-18 16:47:21.915855,2011-03-18 20:05:17.301199,309207.15069,299155.885531
160853,2011-03-18 22:36:25.982608,2011-03-18 22:36:02.651792,10021.8635306,9921.99726594
160871,2011-03-19 03:37:17.927435,2011-03-19 04:48:50.797579,143117.480408,117817.018757
160872,2011-03-19 04:49:38.427719,2011-03-19 05:18:48.238919,56560.3571002,23976.868316
160873,2011-03-19 05:19:57.360130,2011-03-19 06:37:20.192514,141362.048691,120912.390958
160874,2011-03-19 06:38:26.353630,2011-03-19 07:28:59.359710,87190.8782593,42569.6465042
160875,2011-03-19 07:30:04.464502,2011-03-19 09:20:07.085430,176885.22984,170965.366256
160876,2011-03-19 09:21:08.262052,2011-03-19 09:26:58.224292,9509.25985402,4902.42155338
160877,2011-03-19 09:28:19.340493,2011-03-19 09:37:15.949261,13768.5262823,12953.0959015
160888,2011-03-19 12:06:03.706204,2011-03-19 14:49:45.979740,602090.030147,576227.566395
160890,2011-03-19 14:54:49.150453,2011-03-19 17:27:38.161141,529993.2494,515420.978849
160894,2011-03-19 17:28:32.502942,2011-03-19 18:58:21.921438,279767.840837,242264.392635
160907,2011-03-19 21:44:10.655982,2011-03-19 23:08:56.773870,342044.510117,193748.859985
160911,2011-03-19 23:09:54.165375,2011-03-20 01:03:50.094463,419994.277422,396816.440222
160913,2011-03-20 01:07:42.235515,2011-03-20 01:17:02.175099,33615.0852687,19117.1198423
160914,2011-03-20 01:17:57.488077,2011-03-20 01:46:20.637645,97752.1620236,83247.092345
160915,2011-03-20 01:47:22.395012,2011-03-20 04:15:08.105092,467125.027611,432166.276618
160916,2011-03-20 04:16:35.024948,2011-03-20 04:50:24.805940,96640.9552322,95376.7159157
160935,2011-03-20 10:31:18.380660,2011-03-20 12:11:37.731188,363643.010385,320455.170628
160936,2011-03-20 12:12:20.435846,2011-03-20 12:34:53.623174,85826.2148113,31337.7420202
160937,2011-03-20 12:35:53.378852,2011-03-20 13:56:46.188580,288653.467861,257660.068434
160938,2011-03-20 13:57:28.978938,2011-03-20 14:47:15.323386,168822.027652,149986.461329
160939,2011-03-20 14:48:18.837456,2011-03-20 15:45:05.136592,184585.327878,151505.790533
160940,2011-03-20 15:46:32.580863,2011-03-20 16:20:22.361855,106424.584123,91888.25155
160942,2011-03-20 16:23:40.377819,2011-03-20 16:33:00.317403,29639.0818819,12350.1249078
160943,2011-03-20 16:34:30.564298,2011-03-20 17:00:33.728970,78686.3520621,76005.3939136
160954,2011-03-20 20:18:15.433904,2011-03-20 20:50:08.560816,181299.290636,75867.6090402
160955,2011-03-20 20:51:01.984018,2011-03-20 22:18:54.748434,794606.877233,422153.643957
160956,2011-03-20 22:19:50.813296,2011-03-20 22:47:27.301232,236619.796067,202145.038985
160957,2011-03-20 22:48:47.348228,2011-03-21 05:04:01.585668,2675324.20389,2541774.3623
160998,2011-03-21 14:23:07.476500,2011-03-21 16:13:33.428244,790095.500901,688936.229239
161008,2011-03-21 16:15:00.206030,2011-03-21 18:05:02.826958,713359.171595,674677.448576
161016,2011-03-21 18:06:03.994069,2011-03-21 20:12:26.509269,749707.258188,678517.169783
161103,2011-03-22 11:16:51.305572,2011-03-22 11:59:37.695332,449099.216221,389215.432548
161106,2011-03-22 12:05:17.032534,2011-03-22 12:20:03.603542,149228.94036,94511.6209039
161107,2011-03-22 12:21:04.652931,2011-03-22 12:35:51.223939,145295.594988,103129.837608
161113,2011-03-22 12:36:48.268068,2011-03-22 12:53:31.493156,158231.569505,81322.2690828
161116,2011-03-22 12:54:29.482873,2011-03-22 13:01:52.768377,70892.2794483,35125.1747394
161117,2011-03-22 13:02:42.488586,2011-03-22 13:13:59.082250,105066.024132,79256.6450202
161119,2011-03-22 13:20:21.796728,2011-03-22 14:45:31.245432,678070.002774,547781.12868
161156,2011-03-22 15:37:25.902090,2011-03-22 16:11:39.013898,267017.970651,36220.556734
161165,2011-03-22 16:12:38.148191,2011-03-22 16:50:44.568159,286530.819119,228500.761501
161176,2011-03-22 16:52:12.776730,2011-03-22 17:08:56.001818,122500.573042,118637.516151
161216,2011-03-22 20:06:36.898636,2011-03-22 20:26:26.770252,182804.919105,76370.2125076
161217,2011-03-22 20:27:34.051121,2011-03-23 01:33:12.072497,3964861.41297,3766265.4302
161222,2011-03-23 01:34:02.320459,2011-03-23 02:26:08.649803,571125.408458,407586.747637
161223,2011-03-23 02:27:04.482926,2011-03-23 05:05:20.125038,1590030.19472,1453124.35012
161224,2011-03-23 05:06:31.243313,2011-03-23 05:11:34.543921,50094.5864261,46645.7427654
161233,2011-03-23 08:18:11.694035,2011-03-23 08:32:58.265043,200973.351491,111484.777631
161310,2011-03-23 21:07:21.634403,2011-03-23 21:55:57.986403,552069.658627,478695.330443
161311,2011-03-23 21:56:56.542251,2011-03-24 02:29:54.775083,3432860.17039,3301328.53034
161312,2011-03-24 02:31:18.097318,2011-03-24 09:18:48.792486,3809398.06395,3792994.69966
162518,2011-04-13 12:56:09.922243,2011-04-13 14:32:12.633795,1137017.39734,927308.251413
162526,2011-04-13 14:35:09.749767,2011-04-13 14:35:33.080583,8806.25927491,51.4479909988
162713,2011-04-14 23:01:53.974181,2011-04-15 03:06:29.057445,2496500.87512,1008852.19329
162718,2011-04-15 06:14:03.657537,2011-04-15 07:31:49.820737,833102.671907,570815.723185
162733,2011-04-15 07:32:46.771580,2011-04-15 07:50:16.658300,184821.270523,72794.4748229
162739,2011-04-15 07:51:15.240079,2011-04-15 08:06:48.472719,165416.76344,26692.1004926
162742,2011-04-15 08:07:55.447744,2011-04-15 08:56:31.799744,500970.975678,161953.1676
162760,2011-04-15 08:57:24.590590,2011-04-15 09:18:24.454654,214838.583772,133443.900028
162762,2011-04-15 09:19:20.947380,2011-04-15 10:01:44.006324,422759.801509,385227.210767
162765,2011-04-15 10:03:07.561382,2011-04-15 10:11:17.508518,83007.0068459,78856.0579071
162803,2011-04-15 13:49:15.299096,2011-04-15 14:25:25.064984,512108.457325,449433.23467
162808,2011-04-15 14:26:25.303629,2011-04-15 14:50:08.483405,340634.795525,271137.335603
162810,2011-04-15 14:51:38.630198,2011-04-15 15:06:01.870390,205529.59335,0.0
162811,2011-04-15 15:07:07.210611,2011-04-15 17:21:16.342131,1724388.86864,1697132.24062
162822,2011-04-15 21:53:31.805950,2011-04-15 23:54:51.020542,1317003.96362,1259967.8212
162823,2011-04-15 23:55:55.887064,2011-04-16 00:02:55.841752,97645.2403105,1315.14643927
162824,2011-04-16 00:03:46.041924,2011-04-16 00:09:59.334980,86802.2330335,7.28341072578
162825,2011-04-16 00:11:02.935769,2011-04-16 01:28:49.098969,992303.928545,892377.575021
162826,2011-04-16 01:29:46.691620,2011-04-16 01:45:43.255076,200248.71973,106762.955935
162827,2011-04-16 01:46:46.824599,2011-04-16 02:41:59.800471,665486.114939,560866.166473
162828,2011-04-16 02:43:26.861914,2011-04-16 03:15:19.988826,366617.114953,362711.536514
162909,2011-04-16 15:39:16.549939,2011-04-16 17:15:42.592307,1903718.71399,1870058.21314
162917,2011-04-16 22:55:29.093546,2011-04-16 22:55:29.093546,0.0,0.0
162924,2011-04-17 00:55:08.337657,2011-04-17 01:53:04.629241,763211.091936,561842.971538
162925,2011-04-17 01:54:09.249515,2011-04-17 03:57:25.118187,2622399.10544,2403560.42385
162926,2011-04-17 03:58:29.959053,2011-04-17 08:35:21.500045,5163992.33065,4997728.15031
162929,2011-04-17 08:36:27.716329,2011-04-17 10:31:33.637865,1862433.13567,1845317.48418
163045,2011-04-18 20:46:25.756325,2011-04-18 20:51:29.056933,106159.171026,0.0
163046,2011-04-18 20:52:22.203193,2011-04-18 22:28:01.583929,1667639.54333,1643354.72259
163069,2011-04-19 03:03:28.470057,2011-04-19 07:14:40.177193,4314714.5923,4158640.78648
163070,2011-04-19 07:15:37.315751,2011-04-19 07:19:53.954727,82074.875496,4161.56488247
163071,2011-04-19 07:20:55.939870,2011-04-19 08:35:35.456542,1286008.3277,1061189.98009
163072,2011-04-19 08:36:28.476572,2011-04-19 08:52:48.370844,276698.070411,173198.198512
163076,2011-04-19 08:53:46.461001,2011-04-19 08:56:53.107529,54946.0231378,1637.24083957
163078,2011-04-19 08:58:23.463261,2011-04-19 09:12:00.041821,228497.370741,218388.163537
163232,2011-04-20 22:07:35.309037,2011-04-20 22:07:11.978221,526965.966143,343340.975916
163233,2011-04-20 22:26:09.956782,2011-04-21 00:22:49.201582,1988466.25762,1847281.74861
163234,2011-04-21 00:23:54.290973,2011-04-21 00:51:54.109725,454889.379697,400183.129165
163235,2011-04-21 00:52:42.919960,2011-04-21 03:56:15.065112,2744861.64201,2648954.74234
163236,2011-04-21 03:57:32.705275,2011-04-21 04:10:45.953019,190409.444607,0.0
163237,2011-04-21 04:11:36.757998,2011-04-21 05:36:22.875886,1158367.58013,1112923.20881
163238,2011-04-21 05:37:43.507885,2011-04-21 05:42:23.477677,57924.1912739,57462.7342406
163252,2011-04-21 09:36:21.129574,2011-04-21 10:15:14.211174,934420.195882,732560.201785
163254,2011-04-21 10:16:02.206123,2011-04-21 10:19:32.183467,90462.5731189,0.104234099771
163255,2011-04-21 10:20:33.284212,2011-04-21 17:14:40.603252,8175150.86341,7152274.85438
163261,2011-04-21 17:15:54.023538,2011-04-21 18:09:10.345330,921982.543028,906624.342253
163269,2011-04-21 21:32:01.837333,2011-04-21 22:57:34.616853,1809893.11703,1556418.03265
163270,2011-04-21 22:58:57.784000,2011-04-22 04:58:38.788800,8467889.57464,8276437.30636
163286,2011-04-22 08:55:01.843929,2011-04-22 11:34:27.478489,2054938.80836,1967607.40726
163289,2011-04-22 11:39:29.241790,2011-04-22 14:09:11.605950,2301090.09499,2258907.74215
163296,2011-04-22 16:53:56.182033,2011-04-22 20:47:38.002449,5679715.38661,5422613.56573
163297,2011-04-22 20:48:20.832508,2011-04-22 22:15:50.266108,2050445.59147,1957340.55871
163300,2011-04-22 22:24:07.691042,2011-04-23 02:25:36.127778,5096066.6625,4999191.65825
163301,2011-04-23 02:26:19.426058,2011-04-23 03:42:32.265994,1478224.90322,1421882.10939
163302,2011-04-23 03:43:29.867653,2011-04-23 05:21:05.902469,1817761.48527,1361898.82067
163308,2011-04-23 05:22:22.869734,2011-04-23 05:37:32.771558,280254.055294,269363.32088
163332,2011-04-23 10:10:58.672080,2011-04-23 15:26:19.963856,8300724.76144,7942858.09616
163333,2011-04-23 15:27:17.210172,2011-04-23 16:10:03.599932,1071514.66783,998938.690285
163334,2011-04-23 16:11:08.698859,2011-04-23 19:49:17.286635,5062581.06373,4965717.35958
163337,2011-04-23 19:50:49.186894,2011-04-23 22:54:44.662862,3899189.52737,3746405.72021
163338,2011-04-23 22:55:46.440229,2011-04-24 00:01:29.348133,1321517.95332,1255517.80907
163339,2011-04-24 00:02:34.783483,2011-04-24 01:14:54.315259,1410464.20413,1282235.57835
163340,2011-04-24 01:16:28.742636,2011-04-24 04:25:04.188396,3414359.52535,3390877.58056
163358,2011-04-24 14:27:27.253518,2011-04-24 14:37:57.185550,262004.228812,245427.369779
163368,2011-04-24 19:00:45.911040,2011-04-24 19:00:22.580224,31235.2920607,0.827670309215
163369,2011-04-24 19:02:04.565957,2011-04-24 19:41:44.309189,1131417.87769,1011965.26266
163370,2011-04-24 19:42:32.973970,2011-04-24 20:50:12.535954,1829384.71222,1517657.07911
163371,2011-04-24 20:51:19.284676,2011-04-24 23:16:21.679044,3473155.35045,3264298.98567
163372,2011-04-24 23:17:19.667403,2011-04-25 00:00:06.057163,1001392.65469,463292.005219
163374,2011-04-25 00:02:55.000401,2011-04-25 05:41:36.141137,7015115.90773,6908854.12962
163375,2011-04-25 05:42:27.810854,2011-04-25 05:48:17.773094,116397.010644,67074.5881244
163376,2011-04-25 05:49:31.593257,2011-04-25 07:26:44.297257,1798337.34972,1730928.51556
163377,2011-04-25 07:27:33.500939,2011-04-25 07:29:53.485835,48902.1865568,2181.47784377
163378,2011-04-25 07:30:43.083706,2011-04-25 11:34:31.505338,4141233.74799,4098606.70127
163385,2011-04-25 14:01:52.956737,2011-04-25 16:50:38.530881,3626927.57183,3317828.56085
163387,2011-04-25 17:01:51.060896,2011-04-25 18:40:13.757344,2133488.29756,2117750.53357
163402,2011-04-25 21:43:44.964681,2011-04-26 02:51:42.970953,7878900.85052,7322534.1225
163475,2011-04-26 21:20:06.085284,2011-04-26 23:18:18.653348,3290349.11394,2974123.45945
163476,2011-04-26 23:19:17.015529,2011-04-27 00:50:16.426473,2511496.69283,2149969.40931
163478,2011-04-27 00:51:02.634943,2011-04-27 01:22:32.431039,830629.730803,476668.254076
163479,2011-04-27 01:24:05.170067,2011-04-27 02:35:38.040211,1853575.29559,1768620.20681
163480,2011-04-27 02:36:24.029573,2011-04-27 03:53:00.200325,1901644.98274,1751106.63705
163481,2011-04-27 03:54:29.184441,2011-04-27 04:28:18.965433,816030.932568,668320.212191
163482,2011-04-27 04:29:10.805498,2011-04-27 04:50:57.331194,519849.534994,239173.96084
163483,2011-04-27 04:52:16.421833,2011-04-27 05:13:16.285897,386959.329347,383955.394397
163581,2011-04-27 21:18:30.940878,2011-04-27 21:18:07.610062,229929.000214,32620.9756928
163582,2011-04-27 21:24:02.857405,2011-04-27 21:48:56.029629,1054035.39716,260155.056971
163583,2011-04-27 21:50:18.008345,2011-04-27 23:19:44.096025,3571517.3354,2987881.85199
163584,2011-04-27 23:20:31.245026,2011-04-27 23:52:47.702754,1246966.25816,792096.378081
163585,2011-04-27 23:53:38.784888,2011-04-28 00:09:12.017528,597551.539541,450824.075091
163586,2011-04-28 00:10:19.412879,2011-04-28 00:49:35.825295,1458878.13202,1054601.22047
163587,2011-04-28 00:50:30.099256,2011-04-28 01:22:46.556984,1173482.52694,712707.8676
163588,2011-04-28 01:23:45.361883,2011-04-28 04:20:17.552347,5972794.87105,5768374.94759
163589,2011-04-28 04:20:58.462685,2011-04-28 05:24:44.716509,2024130.00031,1930232.02567
163591,2011-04-28 05:30:59.015809,2011-04-28 06:07:32.112513,1131111.2641,851633.396904
163592,2011-04-28 06:08:37.245080,2011-04-28 06:53:20.288920,1350600.60489,1222616.49284
163593,2011-04-28 06:54:13.991785,2011-04-28 07:00:50.615657,206776.429294,103503.644538
163596,2011-04-28 07:10:51.526327,2011-04-28 07:20:58.127543,266866.093658,264222.415657
163630,2011-04-28 14:14:56.966806,2011-04-28 14:58:30.018198,1551425.20802,1362104.59289
163655,2011-04-28 19:37:20.481530,2011-04-28 19:55:13.699066,628525.451065,182427.853393
163657,2011-04-28 19:56:28.141343,2011-04-28 20:55:11.094559,2437330.12432,2196679.14155
163658,2011-04-28 20:56:12.156746,2011-04-28 21:02:48.780618,280731.387814,6468.79388449
163659,2011-04-28 21:03:43.674256,2011-04-29 01:42:08.538512,10115811.2807,9735276.00199
163660,2011-04-29 01:43:00.641937,2011-04-29 02:15:17.099665,1071632.99772,766851.326727
163661,2011-04-29 02:16:10.204257,2011-04-29 02:25:53.474657,327537.903179,116330.909475
163662,2011-04-29 02:27:00.584316,2011-04-29 03:34:40.146300,2157422.45584,1870300.42597
163663,2011-04-29 03:35:45.876211,2011-04-29 05:12:35.249395,2932702.78404,2733040.34409
163664,2011-04-29 05:13:27.692777,2011-04-29 06:26:10.555369,2103247.13086,1933234.73808
163665,2011-04-29 06:27:07.589180,2011-04-29 07:34:47.151164,1889906.7238,1719761.78725
163668,2011-04-29 07:36:04.582360,2011-04-29 09:03:34.015960,2342423.57924,2293042.10429
163738,2011-04-30 04:35:03.926059,2011-04-30 06:24:19.885355,4322026.10809,4249374.42825
163752,2011-04-30 11:32:30.240588,2011-04-30 11:41:03.518540,134494.474912,0.0
163753,2011-04-30 11:42:05.641879,2011-04-30 12:34:35.302039,2240171.08182,2112999.16578
163754,2011-04-30 12:35:42.331047,2011-04-30 13:06:02.134695,1255111.51279,740087.806592
163755,2011-04-30 13:07:03.561336,2011-04-30 13:11:43.531128,203478.234462,7.46904788888
163756,2011-04-30 13:12:56.652175,2011-04-30 13:19:33.276047,280101.19995,7.33810250781
163757,2011-04-30 13:20:31.999418,2011-04-30 13:38:01.886138,708095.953394,589065.522964
163758,2011-04-30 13:39:07.160383,2011-04-30 17:31:38.988351,8497350.48256,7883224.07072
163759,2011-04-30 17:32:34.168476,2011-04-30 20:56:19.516060,6549268.04653,6011361.91093
163760,2011-04-30 20:57:19.913384,2011-04-30 23:17:42.337960,4111921.91936,3776461.17964
163761,2011-04-30 23:18:31.800410,2011-05-01 00:46:47.895642,2439539.99305,2206821.48865
163763,2011-05-01 00:47:38.752697,2011-05-01 01:23:01.856953,954491.491406,808331.331087
163765,2011-05-01 01:27:52.135630,2011-05-01 03:31:31.335118,3082946.21708,3043678.06846
163795,2011-05-01 17:01:20.370599,2011-05-01 17:19:36.918951,947299.456871,530720.685184
163796,2011-05-01 17:20:48.219393,2011-05-01 18:30:47.766273,3337157.18012,3273440.74447
163817,2011-05-02 04:14:36.624037,2011-05-02 10:17:24.275365,17017577.7004,16477912.9169
163869,2011-05-03 12:06:12.070383,2011-05-03 12:05:48.739567,827439.412108,784337.128482
165088,2011-05-15 05:22:49.734506,2011-05-15 06:40:12.566890,5082.46883398,5019.25129821
165098,2011-05-15 10:32:13.656136,2011-05-15 12:36:16.186440,31814.3616018,28070.1790695
165099,2011-05-15 12:37:09.636878,2011-05-15 13:25:22.658062,10775.2168048,8896.17267849
165100,2011-05-15 13:26:17.184653,2011-05-15 16:05:19.488397,23682.2434089,22227.3129057
165102,2011-05-15 16:06:03.055094,2011-05-15 17:23:25.887478,17911.0210301,16554.4666958
165103,2011-05-15 17:25:01.414159,2011-05-15 20:20:00.281359,48034.7660601,46789.7947112
165104,2011-05-15 20:20:58.304815,2011-05-15 21:13:27.964975,11721.7680416,10886.4437487
165120,2011-05-16 09:26:46.483143,2011-05-16 09:48:09.678023,279008.123528,214641.505653
165121,2011-05-16 09:49:14.371692,2011-05-16 12:56:39.825004,2208592.05259,2174076.01
165205,2011-05-18 01:04:31.008574,2011-05-18 02:19:57.186878,2078872.55649,1922126.14671
165206,2011-05-18 02:20:45.836641,2011-05-18 02:32:25.761121,316783.12623,0.0
165208,2011-05-18 02:38:13.108269,2011-05-18 03:21:46.159661,1125145.57628,1083041.4527
165364,2011-05-19 21:35:18.606465,2011-05-20 05:44:52.103809,20415606.7462,19833462.901
165399,2011-05-20 13:52:27.520246,2011-05-20 13:55:57.497590,147586.990832,0.0
165400,2011-05-20 13:56:59.792570,2011-05-20 14:30:26.242746,1614297.51373,1389384.04236
165402,2011-05-20 14:36:21.769311,2011-05-20 14:46:28.370527,472042.505049,433248.444432
165415,2011-05-21 01:15:58.213006,2011-05-21 09:57:24.837262,21108287.0215,20312882.9112
165467,2011-05-21 18:33:59.194198,2011-05-21 23:06:10.765398,13498438.8245,12305229.3292
165472,2011-05-21 23:21:52.836689,2011-05-22 05:10:17.247825,14030684.4569,13624327.3802
165486,2011-05-22 12:11:25.954191,2011-05-22 12:45:39.065999,2073423.55311,1632474.06615
165487,2011-05-22 12:46:32.330984,2011-05-22 13:45:38.615016,3218242.29241,3082262.82815
165506,2011-05-22 18:40:12.932357,2011-05-22 19:27:39.291909,2215731.81343,2076120.20141
165514,2011-05-23 00:13:29.756436,2011-05-23 03:27:55.164436,12289686.5628,11619622.5437
165523,2011-05-23 07:34:06.915664,2011-05-23 07:52:23.464016,1019963.34998,73793.1732743
165525,2011-05-23 07:52:54.847752,2011-05-23 08:46:11.169544,2836612.22889,589986.213352
165529,2011-05-23 08:46:40.302926,2011-05-23 09:36:26.647374,2521050.30149,1683.9770264
165536,2011-05-23 09:36:43.545048,2011-05-23 09:43:43.499736,365750.85402,1442.30476122
165537,2011-05-23 09:44:14.149318,2011-05-23 11:42:03.386566,5585599.22914,5052986.50777
165542,2011-05-23 11:42:32.186745,2011-05-23 13:04:34.988921,3636115.92654,2904660.58629
165548,2011-05-23 13:04:43.269223,2011-05-23 17:09:18.352487,9898355.58556,9035110.97477
165557,2011-05-23 17:09:35.794410,2011-05-23 17:18:09.072362,337956.313237,0.0
165558,2011-05-23 17:18:58.889934,2011-05-23 17:47:22.039502,1076935.29047,1000871.82058
165567,2011-05-24 00:13:05.831712,2011-05-24 04:06:24.321312,13700029.9645,12820129.9322
165570,2011-05-24 04:13:24.217316,2011-05-24 10:22:48.492516,17656891.7172,17017799.643
165617,2011-05-24 21:25:55.696176,2011-05-24 23:59:08.037680,9835998.63447,6378110.58504
165619,2011-05-25 00:04:24.677414,2011-05-25 00:19:34.579238,931659.996698,1647.86292293
165620,2011-05-25 00:20:28.082411,2011-05-25 00:44:11.262187,1312687.20169,1086060.75686
165633,2011-05-25 06:21:18.312283,2011-05-25 09:19:47.156827,11012794.2502,10522953.6584
165970,2011-05-27 20:40:23.393065,2011-05-27 22:26:09.375017,7076157.88857,6915187.69307
165993,2011-05-28 06:17:18.598931,2011-05-28 17:00:27.768595,34461743.1249,33646808.0447
166010,2011-05-29 01:14:59.672357,2011-05-29 02:13:19.294757,3879339.7109,3195778.20974
166011,2011-05-29 02:14:19.313781,2011-05-29 02:45:49.109877,2003127.49228,1918084.11181
166033,2011-05-29 08:52:50.162000,2011-05-29 16:52:17.058128,32947765.4061,31780252.7219
166034,2011-05-29 16:53:40.133356,2011-05-29 19:25:42.482412,8175498.25259,6705163.46625
166049,2011-05-30 00:14:46.685599,2011-05-30 05:54:14.487967,23577356.3149,22986299.7513
166051,2011-05-30 05:57:49.073871,2011-05-30 08:23:38.129871,8701016.71937,8286942.51838
166052,2011-05-30 08:24:26.910921,2011-05-30 09:09:56.616393,2446107.2545,2393930.90068
166143,2011-05-31 02:55:25.531184,2011-05-31 03:05:32.132400,849387.746737,0.0262995912323
166144,2011-05-31 03:06:18.372177,2011-05-31 03:11:45.003601,468519.717053,0.136063857514
166145,2011-05-31 03:12:39.263653,2011-05-31 03:19:15.887525,558572.093118,15.1103821476
166147,2011-05-31 03:20:08.192391,2011-05-31 03:25:58.154631,492420.289657,2827.82181745
166148,2011-05-31 03:26:52.749630,2011-05-31 03:29:59.396158,274855.85607,2135.49300008
166149,2011-05-31 03:30:51.147133,2011-05-31 03:42:07.740797,908315.285392,2168.49359074
166150,2011-05-31 03:43:00.447865,2011-05-31 04:27:20.160889,2967178.77755,2844496.41553
166161,2011-05-31 07:25:55.456653,2011-05-31 08:05:35.199885,2988088.53227,2258884.24102
166163,2011-05-31 08:06:40.394766,2011-05-31 08:23:46.950670,1276870.86821,652556.8569
166164,2011-05-31 08:24:34.508075,2011-05-31 08:39:21.079083,918721.466836,843076.191246
166346,2011-06-01 17:31:06.935968,2011-06-01 18:37:59.836320,4745370.82716,4634536.82738
166374,2011-06-02 00:03:03.269211,2011-06-02 01:07:12.853851,4684924.64902,4146578.21887
166375,2011-06-02 01:08:00.694008,2011-06-02 01:50:00.422136,2910415.4518,0.117433082695
166377,2011-06-02 01:51:08.345948,2011-06-02 02:22:14.811228,2090377.68127,1359347.25374
166379,2011-06-02 02:23:05.383857,2011-06-02 03:11:41.735857,3203918.72125,2891472.64074
166380,2011-06-02 03:12:41.765619,2011-06-02 14:58:27.196659,37771748.0049,37039417.2649
166394,2011-06-02 19:45:54.334571,2011-06-02 19:50:34.304363,248540.260781,208871.484748
166408,2011-06-03 03:55:28.711126,2011-06-03 11:31:35.758294,30025496.515,29443462.4233
166429,2011-06-03 18:54:24.454635,2011-06-03 19:17:20.972779,1652594.28736,1539258.07336
166438,2011-06-04 00:16:37.541407,2011-06-04 05:51:02.043167,20125253.7286,19244190.3894
166439,2011-06-04 05:51:49.622018,2011-06-04 05:57:16.253442,217105.061025,2592.49366752
166462,2011-06-04 11:24:12.262929,2011-06-04 14:19:57.791761,10465919.5969,10138742.1939
166486,2011-06-04 21:28:41.587968,2011-06-04 22:17:17.939968,2719890.60751,2621938.04886
166502,2011-06-05 04:30:23.167023,2011-06-05 04:57:59.654959,1822106.81883,1724574.09235
166512,2011-06-05 07:25:57.702704,2011-06-05 19:32:42.997808,41395538.6901,39968801.785
166514,2011-06-05 19:32:54.538449,2011-06-05 22:32:56.706257,7783913.76372,7679684.70696
166530,2011-06-06 05:29:56.100240,2011-06-06 05:39:16.039824,640750.55723,598531.493732
166554,2011-06-06 13:55:49.438952,2011-06-06 18:31:07.656680,18019590.4419,17118665.5457
166562,2011-06-06 18:31:59.385167,2011-06-06 18:35:52.693327,245636.206147,0.161957486596
166563,2011-06-06 18:36:58.907175,2011-06-06 23:34:50.312231,12255875.206,11723080.8286
166565,2011-06-06 23:40:14.309938,2011-06-07 05:28:38.721074,15956801.3639,15670339.766
166699,2011-06-07 20:34:47.094867,2011-06-08 02:11:54.912339,19439143.0639,18970418.1317
166701,2011-06-08 02:17:31.268325,2011-06-08 07:24:42.612965,14021043.3218,13798998.5824
166763,2011-06-08 23:09:34.220334,2011-06-09 03:05:36.025646,14463293.1176,14238881.1827
166781,2011-06-09 11:39:40.933185,2011-06-09 13:57:43.372865,9060635.98221,8479400.06298
166782,2011-06-09 13:58:37.983554,2011-06-09 17:44:09.856834,12882975.2915,12439178.0147
166784,2011-06-09 17:44:54.533168,2011-06-09 20:15:46.889776,7751733.66886,6982354.44033
166787,2011-06-09 20:31:25.299305,2011-06-09 22:52:11.054697,6572475.37616,6479328.09624
166839,2011-06-11 01:40:29.633294,2011-06-11 03:27:48.938510,6892836.4782,5864236.81028
166840,2011-06-11 03:30:08.251076,2011-06-11 03:34:01.559236,254763.438768,2549.71754141
166841,2011-06-11 03:35:02.002175,2011-06-11 10:12:26.096127,21885002.1767,21377224.5447
166842,2011-06-11 10:12:56.056812,2011-06-11 11:24:52.257772,3071402.26111,3016805.18241
166859,2011-06-11 22:28:54.039448,2011-06-12 01:01:43.050136,10319499.4505,9377082.56471
166860,2011-06-12 01:02:42.594447,2011-06-12 01:16:19.173007,878389.137026,425354.213249
166861,2011-06-12 01:17:22.093990,2011-06-12 01:36:25.303974,1201830.21129,204572.878048
166862,2011-06-12 01:37:16.276692,2011-06-12 01:41:32.915668,286356.729858,2829.52332521
166863,2011-06-12 01:42:22.133979,2011-06-12 01:48:12.096219,379472.810232,2549.43387181
166864,2011-06-12 01:49:19.736560,2011-06-12 05:17:21.723120,11771006.7263,10208905.3589
166888,2011-06-12 11:56:47.643572,2011-06-12 14:45:09.886900,11765673.3082,10858183.9369
166889,2011-06-12 14:46:15.302850,2011-06-12 16:19:34.698690,5947918.15529,5415466.53066
166890,2011-06-12 16:20:39.905816,2011-06-12 19:53:21.862168,12257674.3615,9813263.37235
166893,2011-06-12 19:54:08.334763,2011-06-12 20:02:41.612715,478990.482998,2560.20000165
166894,2011-06-12 20:03:49.164346,2011-06-12 21:28:35.282234,4432970.93994,3734141.71707
166895,2011-06-12 21:29:18.194786,2011-06-13 01:22:36.684386,11059073.1584,10884009.2657
166911,2011-06-13 08:36:44.564615,2011-06-13 08:56:57.767047,1383505.31943,1307961.65245
166921,2011-06-13 11:25:13.495618,2011-06-13 11:41:33.389890,1225024.30065,949890.892888
166922,2011-06-13 11:43:04.788289,2011-06-13 16:49:29.471297,20357011.2281,19488388.2541
166923,2011-06-13 16:50:19.593377,2011-06-13 19:52:18.415265,10318896.8733,10174106.7035
166946,2011-06-14 05:28:58.776881,2011-06-14 06:37:25.000497,4939539.78702,4459621.59916
166947,2011-06-14 06:39:06.262748,2011-06-14 06:43:46.232540,352088.204827,2665.95748823
166950,2011-06-14 06:52:41.774537,2011-06-14 16:16:08.126921,32722304.0643,31517622.9391
166960,2011-06-14 16:16:35.024234,2011-06-14 17:33:34.525802,3746329.0108,3072023.12891
166966,2011-06-14 17:34:37.547050,2011-06-14 19:13:00.243498,4567921.26526,4163045.20362
166967,2011-06-14 19:14:03.477730,2011-06-14 20:38:49.595618,3680781.35784,3625423.44382
167039,2011-06-16 05:21:42.991528,2011-06-16 06:52:42.402472,6109731.41267,5585048.84186
167041,2011-06-16 06:57:44.159102,2011-06-16 11:20:12.459902,14949360.5061,14342447.5383
167043,2011-06-16 11:21:08.086607,2011-06-16 12:52:30.828367,4387573.13846,4314330.22974
167078,2011-06-16 23:13:10.058309,2011-06-17 00:07:59.703365,3633412.85789,3508498.17674
167098,2011-06-17 04:14:49.317630,2011-06-17 06:57:44.929534,9699885.68115,9094316.60291
167099,2011-06-17 06:58:48.707060,2011-06-17 07:48:35.051508,1586539.71235,4877.92589548
167100,2011-06-17 07:49:26.283401,2011-06-17 08:04:12.854409,514518.276284,512497.454263
167101,2011-06-17 08:05:09.604732,2011-06-17 08:35:06.077564,725020.283047,483881.883317
167102,2011-06-17 08:36:05.234664,2011-06-17 11:26:47.462888,9120671.35014,8613069.54616
167103,2011-06-17 11:28:27.482825,2011-06-17 12:04:37.248713,1751924.16976,1697011.53281
167150,2011-06-18 05:15:29.005035,2011-06-18 05:22:05.628907,480121.261891,2517.28694274
167151,2011-06-18 05:23:21.617704,2011-06-18 05:49:24.782376,1699353.42858,1041906.8745
167281,2011-06-20 22:12:42.455511,2011-06-21 02:04:27.621847,14837557.9554,14407800.5325
167282,2011-06-21 02:06:55.921366,2011-06-21 05:04:14.773462,9318358.0092,8870940.85847
167283,2011-06-21 05:05:22.680292,2011-06-21 05:06:56.003556,96002.453593,2521.93747532
167284,2011-06-21 05:08:59.743955,2011-06-21 16:12:45.446867,27061654.3329,25804793.6285
167551,2011-06-24 09:04:31.132732,2011-06-24 11:49:00.067900,12147877.6506,11883190.8899
167673,2011-06-24 20:53:32.295436,2011-06-24 22:52:54.855948,8581177.81202,6594973.51704
167674,2011-06-24 22:53:46.186659,2011-06-25 01:11:25.295523,9043643.19838,8594580.85548
167675,2011-06-25 01:12:12.141709,2011-06-25 08:07:29.453197,23196705.5635,22678660.8599
167676,2011-06-25 08:08:08.775686,2011-06-25 11:03:30.973702,8228475.36751,8025732.84733
167740,2011-06-25 23:02:00.437974,2011-06-25 23:42:03.512022,2715520.41504,2636000.12685
167746,2011-06-26 02:24:04.128821,2011-06-26 04:40:09.914421,9154446.60471,8973581.79338
167754,2011-06-26 07:37:32.878776,2011-06-26 07:56:36.088760,1246884.45067,1185029.17401
167784,2011-06-26 12:57:06.520428,2011-06-26 13:35:36.271212,2855513.26854,2151829.08612
167785,2011-06-26 13:37:34.941819,2011-06-26 13:41:04.919163,279530.503965,2611.04273005
167786,2011-06-26 13:42:03.916055,2011-06-26 14:50:06.808855,4686756.94553,4333801.47142
167807,2011-06-27 00:27:55.403737,2011-06-27 12:17:34.142937,45089672.9635,44108906.0424
167830,2011-06-27 12:17:50.831250,2011-06-27 20:22:44.358802,21899469.7167,21548051.3954
167898,2011-06-28 00:17:24.342070,2011-06-28 11:14:56.751926,42044940.8819,40993596.8351
167913,2011-06-28 11:15:19.736228,2011-06-28 14:06:01.964452,8277466.31371,8115482.79061
169810,2011-07-13 07:29:43.557518,2011-07-13 07:50:20.090766,1708.46133178,0.0
169811,2011-07-13 07:51:25.996698,2011-07-13 09:08:48.829082,5945.51677627,5646.66333024
169985,2011-07-14 14:45:08.712208,2011-07-14 15:22:05.139728,21328.3537756,422.282932711
169991,2011-07-14 15:23:00.532767,2011-07-14 15:35:27.118879,7078.52538377,4498.25321032
170000,2011-07-14 15:36:14.735469,2011-07-14 17:21:14.055789,53806.8375971,50725.9916508
170040,2011-07-14 22:32:15.826827,2011-07-15 00:51:04.928139,1868171.25992,1715022.26911
170044,2011-07-15 00:52:05.694953,2011-07-15 01:31:45.438185,475442.387931,465900.79323
170249,2011-07-16 17:14:49.320128,2011-07-16 20:32:21.374656,6958702.8149,6380565.58454
170255,2011-07-16 20:33:19.520250,2011-07-16 23:06:08.530938,4840080.47689,4693145.85401
170286,2011-07-17 02:36:26.550877,2011-07-17 03:53:02.721629,3153585.22464,2949936.64395
170292,2011-07-17 03:54:01.019446,2011-07-17 05:41:43.655478,4053233.03088,3707153.70154
170298,2011-07-17 05:42:27.553219,2011-07-17 06:59:03.723971,2698675.61469,2390129.46774
170303,2011-07-17 07:00:01.316011,2011-07-17 07:12:04.571307,421743.180419,239058.95853
170304,2011-07-17 07:13:16.338375,2011-07-17 08:10:49.299143,1932962.80612,1432255.60593
170348,2011-07-17 17:34:54.563132,2011-07-17 18:56:10.703676,5916290.60299,5562660.29067
170354,2011-07-17 19:00:17.780172,2011-07-17 21:00:03.671500,7754528.45881,7567666.02528
170376,2011-07-18 01:42:49.472356,2011-07-18 01:52:56.073572,712095.06031,230779.64273
170378,2011-07-18 01:53:58.927497,2011-07-18 01:59:25.558921,390143.904245,3850.2769658
170380,2011-07-18 02:00:28.165363,2011-07-18 02:11:21.428211,743590.811865,4903.81615244
170382,2011-07-18 02:12:16.810111,2011-07-18 04:16:19.340415,7645356.81055,7144078.66572
170396,2011-07-18 04:17:24.201523,2011-07-18 04:21:40.840499,269194.703295,2389.69741406
170397,2011-07-18 04:22:37.277641,2011-07-18 06:43:46.363849,7655209.06507,7120059.79336
170406,2011-07-18 06:44:31.119685,2011-07-18 07:50:14.027589,3218837.62259,3143626.86011
170452,2011-07-18 13:23:38.403058,2011-07-18 13:41:08.289778,1292251.49266,1199793.59603
170527,2011-07-18 20:18:44.187951,2011-07-18 20:40:07.382831,2001438.4013,1784947.25174
170722,2011-07-20 02:41:58.003183,2011-07-20 03:52:20.880879,5695807.11611,5586710.02175
170759,2011-07-20 10:50:07.560914,2011-07-20 12:58:50.061010,10801550.4698,10358946.7165
170826,2011-07-20 20:30:36.485721,2011-07-20 22:22:35.760729,8671480.66411,7936099.35534
170842,2011-07-20 22:23:34.450320,2011-07-21 00:39:16.905104,9129621.78515,8522156.16942
170854,2011-07-21 00:40:10.484484,2011-07-21 04:56:02.161412,14396169.5202,12546140.7072
170876,2011-07-21 05:00:22.596227,2011-07-21 08:20:37.966467,9491000.51482,9354855.18816
170896,2011-07-21 08:34:04.677339,2011-07-21 09:56:07.479515,3568392.8294,3501047.64923
170899,2011-07-21 09:58:30.737128,2011-07-21 10:30:47.194856,1346676.22753,1329833.71458
170901,2011-07-21 10:39:36.026188,2011-07-21 11:56:35.527756,2907865.67227,2867313.84878
171050,2011-07-22 12:27:50.877098,2011-07-22 16:30:29.306282,20493073.8354,19510170.8553
171088,2011-07-22 16:46:50.290943,2011-07-22 16:54:13.576447,564848.245432,6.3850512089
171090,2011-07-22 16:55:17.871319,2011-07-22 17:01:31.164375,476722.521739,6.48371475225
171091,2011-07-22 17:02:23.911250,2011-07-22 17:59:10.210386,4009153.73757,3542314.12819
171098,2011-07-22 18:00:03.664614,2011-07-22 18:12:06.919910,850733.366029,95862.5362483
171102,2011-07-22 18:13:09.754759,2011-07-22 18:25:59.671687,893735.172009,444247.372272
171106,2011-07-22 18:26:58.019168,2011-07-22 20:24:23.925600,7544885.91512,7056462.46452
171116,2011-07-22 20:25:10.969054,2011-07-22 20:29:50.938846,308670.18215,28.7623657946
171117,2011-07-22 20:30:49.543178,2011-07-22 21:02:42.670090,1826970.21479,1728261.54611
171156,2011-07-23 00:01:05.063916,2011-07-23 04:41:26.582252,22374932.3458,19727769.7329
171178,2011-07-23 04:42:07.404576,2011-07-23 11:27:18.114848,24085951.2894,23573339.2694
171219,2011-07-23 16:24:50.333725,2011-07-23 17:11:06.700829,4384975.30537,4270305.62898
171274,2011-07-23 23:53:24.601935,2011-07-23 23:53:01.271119,3348189.04365,2291365.286
171282,2011-07-24 00:06:43.580486,2011-07-24 01:12:49.819206,6826365.85103,6598720.57234
171315,2011-07-24 03:41:20.790051,2011-07-24 04:50:10.344483,6746324.11193,6604178.14109
171369,2011-07-24 09:31:47.559981,2011-07-24 10:20:00.581165,4672059.64777,4555042.55094
171446,2011-07-24 22:15:24.617410,2011-07-25 03:30:45.909186,27874147.8957,27483197.4416
171484,2011-07-25 06:00:51.593831,2011-07-25 08:27:03.980647,14105207.1454,13878563.7801
171578,2011-07-25 20:25:40.542116,2011-07-26 02:28:51.524260,25482336.3632,25117336.3139
171812,2011-07-27 01:34:39.476353,2011-07-27 04:03:35.178881,14469634.0078,14126406.7779
171875,2011-07-27 15:18:26.145297,2011-07-27 15:30:06.069777,1365997.41091,587566.954422
171876,2011-07-27 15:31:08.414658,2011-07-27 19:12:23.648962,21365704.2876,19414719.0226
171879,2011-07-27 19:13:00.239912,2011-07-27 19:56:56.622120,3722001.81186,3206839.28699
171880,2011-07-27 19:57:45.959663,2011-07-27 21:46:38.588143,8610726.22349,6115860.61785
171890,2011-07-27 22:01:08.269801,2011-07-27 22:30:18.081001,2178441.9073,1102651.96447
171895,2011-07-27 22:38:06.384321,2011-07-27 23:09:12.849601,2291579.46854,1683457.41431
171897,2011-07-27 23:09:59.494501,2011-07-28 02:40:44.796773,13999212.3246,13464120.43
171921,2011-07-28 07:56:53.556082,2011-07-28 08:41:36.599922,5135286.13132,4060412.70266
171926,2011-07-28 08:42:37.063986,2011-07-28 10:24:53.068594,10198567.1909,9831762.51124
172011,2011-07-28 23:17:47.593010,2011-07-28 23:17:24.262194,759257.973612,0.0
172014,2011-07-28 23:20:47.885829,2011-07-29 00:59:57.243909,11324220.7712,10106667.8503
172024,2011-07-29 01:00:54.835382,2011-07-29 02:03:07.765942,6458991.86269,2909984.97179
172033,2011-07-29 02:04:01.228631,2011-07-29 06:54:52.678999,25482171.4519,25155059.6815
172163,2011-07-29 15:48:03.249859,2011-07-29 20:42:24.677571,29364390.5937,28868942.7703
172208,2011-07-30 09:49:57.177781,2011-07-30 10:45:56.815285,6532490.46706,6236013.20705
172252,2011-07-30 20:57:40.009739,2011-07-30 21:13:13.242379,2052007.57967,1274287.81624
172254,2011-07-30 21:18:26.102458,2011-07-30 21:37:52.643258,2494798.73721,1898077.23952
172255,2011-07-30 21:38:50.322300,2011-07-30 21:53:36.893308,1723152.85145,1593750.86259
172268,2011-07-31 01:51:30.534466,2011-07-31 02:37:00.239938,5644473.92858,5466613.80098
172286,2011-07-31 08:15:25.773602,2011-07-31 09:23:28.666402,7420903.02523,7238261.275
172389,2011-08-01 23:39:06.333312,2011-08-02 02:26:18.584192,18391043.7332,18048413.0857
172399,2011-08-02 05:59:18.462532,2011-08-02 07:14:44.640836,8882981.72548,7817191.03773
172400,2011-08-02 07:16:11.717730,2011-08-02 11:55:46.574434,26847992.0585,25714786.189
172401,2011-08-02 11:57:13.931222,2011-08-02 12:54:00.230358,4641576.31354,4409512.38319
172411,2011-08-02 17:15:30.304248,2011-08-02 23:03:54.715384,34698499.0059,12980420.5845
172444,2011-08-02 23:04:38.199185,2011-08-02 23:25:38.063249,1899529.18975,1726.38392075
172448,2011-08-02 23:25:51.542155,2011-08-02 23:36:44.805003,994005.229091,669.053434193
172451,2011-08-02 23:36:49.198837,2011-08-03 00:00:09.047797,2086329.37381,0.299602662852
172457,2011-08-03 00:00:19.727405,2011-08-03 01:54:15.656493,10138244.5794,0.658562824142
172468,2011-08-03 01:54:36.044078,2011-08-03 02:43:12.396078,3827926.02702,22922.4358138
172473,2011-08-03 02:43:22.665315,2011-08-03 03:02:02.544483,1429094.77243,687210.33537
172475,2011-08-03 03:02:48.503743,2011-08-03 03:18:21.736383,1183101.11021,665333.183866
172476,2011-08-03 03:19:27.964065,2011-08-03 03:36:57.850785,1325921.14833,758338.17121
172478,2011-08-03 03:37:00.538735,2011-08-03 04:36:30.153583,4216626.07569,4114253.77255
172485,2011-08-03 06:43:22.506407,2011-08-03 10:37:50.988455,25839329.867,21361231.6149
172488,2011-08-03 10:39:08.216497,2011-08-03 11:43:17.801137,6121844.21549,5057259.4248
172495,2011-08-03 11:44:29.541493,2011-08-03 12:45:55.810421,5539741.33181,3432177.73142
172497,2011-08-03 12:46:41.197009,2011-08-03 13:30:37.579217,3798571.43049,606325.088155
172507,2011-08-03 13:31:31.851449,2011-08-03 14:06:31.624889,2932312.50605,1995401.98786
172516,2011-08-03 14:07:32.852272,2011-08-03 18:22:14.536752,16482883.9019,999438.670064
172549,2011-08-03 18:22:53.875810,2011-08-03 19:09:10.242914,3014432.95566,0.0
172557,2011-08-03 19:09:29.775603,2011-08-03 19:30:29.639667,1381636.10985,0.0
172561,2011-08-03 19:30:48.012796,2011-08-03 19:40:31.283196,653141.765048,0.0
172564,2011-08-03 19:40:47.606111,2011-08-03 19:47:00.899167,427056.237573,0.0
172567,2011-08-03 19:47:03.779442,2011-08-03 19:57:10.380658,678270.851468,0.0
172573,2011-08-03 19:57:19.144344,2011-08-03 20:08:12.407192,728518.975551,0.0
172576,2011-08-03 20:08:27.591441,2011-08-03 20:25:34.147345,1130474.54242,0.0
172579,2011-08-03 20:25:50.544650,2011-08-03 20:37:07.138314,753655.944586,0.0
172584,2011-08-03 20:37:14.134644,2011-08-03 20:50:50.713204,904396.132537,0.0
172588,2011-08-03 20:50:56.883168,2011-08-03 21:19:43.363552,1884197.66736,0.0
172590,2011-08-03 21:19:52.421973,2011-08-03 21:23:45.730133,265350.349105,0.26380750637
172592,2011-08-03 21:23:56.666648,2011-08-03 21:23:56.666648,510605.084414,0.261717496162
172593,2011-08-03 21:30:56.412033,2011-08-03 21:36:46.374273,401967.375626,0.0
172596,2011-08-03 21:36:59.861114,2011-08-03 21:45:56.469882,602955.062002,0.0
172597,2011-08-03 21:46:01.100931,2011-08-03 21:54:11.048067,552712.167662,0.0
172598,2011-08-03 21:54:30.473271,2011-08-03 22:00:20.435511,401974.263383,0.0
172599,2011-08-03 22:00:40.575021,2011-08-03 22:06:53.868077,427099.661425,0.0
172601,2011-08-03 22:06:54.783045,2011-08-03 22:22:04.684869,1004951.49114,0.0
172604,2011-08-03 22:22:18.822381,2011-08-03 22:37:52.055021,1030086.95128,0.0
172606,2011-08-03 22:38:05.906568,2011-08-03 23:15:25.664904,2437100.31537,0.0
172609,2011-08-03 23:15:29.019922,2011-08-03 23:20:32.320530,351747.798186,0.0
172610,2011-08-03 23:20:41.267493,2011-08-03 23:26:31.229733,401999.261452,0.0
172611,2011-08-03 23:26:49.396985,2011-08-04 00:00:39.177977,2211049.71121,0.0
172615,2011-08-04 00:00:57.688682,2011-08-04 00:14:34.267242,904529.335439,0.0
172617,2011-08-04 00:14:44.545410,2011-08-04 00:23:17.823362,577897.416307,0.0
172619,2011-08-04 00:23:40.952886,2011-08-04 01:01:00.711222,2051128.81041,1580068.56356
172620,2011-08-04 01:01:48.223741,2011-08-04 04:16:13.631741,9989802.25302,9863178.47129
172630,2011-08-04 06:44:10.785829,2011-08-04 07:40:33.754149,7068933.59452,6099445.53191
172635,2011-08-04 07:49:54.682832,2011-08-04 09:33:20.679888,11549409.5678,11262737.008
172778,2011-08-05 00:40:48.726307,2011-08-05 01:02:35.252003,2568538.06237,2447202.50201
172791,2011-08-05 05:24:01.063172,2011-08-05 15:55:06.977540,58258292.8528,56498151.6535
172798,2011-08-05 15:56:06.082622,2011-08-05 16:09:42.661182,992236.064939,769353.337565
172799,2011-08-05 16:11:08.347782,2011-08-05 18:38:07.396230,9934846.31175,9496519.29961
172801,2011-08-05 18:44:56.791825,2011-08-06 02:13:40.553489,25526864.6009,24199869.7622
172802,2011-08-06 02:14:15.297709,2011-08-06 07:23:23.296429,14498844.4258,14195127.219
172819,2011-08-06 12:29:22.613209,2011-08-06 13:51:02.084569,9874442.33262,9177121.06355
172822,2011-08-06 14:01:41.022611,2011-08-07 05:11:35.132051,74903535.0969,73649842.9871
172824,2011-08-07 05:21:36.323600,2011-08-07 05:42:12.856848,1153179.40609,1108301.97602
172847,2011-08-07 17:38:23.004237,2011-08-07 17:37:59.673421,3583066.13644,3425933.4024
172865,2011-08-08 00:47:46.132228,2011-08-08 03:08:08.556804,17432026.5028,16393958.5238
172867,2011-08-08 03:16:02.795547,2011-08-08 03:20:19.434523,527351.705043,3658.85509039
172868,2011-08-08 03:21:16.808096,2011-08-08 16:07:18.515616,63882726.1994,63001941.5121
172949,2011-08-08 21:33:20.299512,2011-08-09 05:43:40.458488,50138088.9335,48253733.2736
172951,2011-08-09 05:44:04.832182,2011-08-09 06:10:54.658486,2219825.53947,1565550.92416
172952,2011-08-09 06:11:55.710528,2011-08-09 16:18:55.114304,40263385.8324,39661978.2131
172992,2011-08-10 03:49:34.837003,2011-08-10 09:58:59.112203,40495940.7584,37696503.0086
172998,2011-08-10 09:59:50.501703,2011-08-10 10:35:36.936775,3296725.43598,2851940.85772
172999,2011-08-10 10:36:34.763524,2011-08-10 12:30:07.361796,9678338.36124,9499241.89258
173198,2011-08-12 03:40:32.694433,2011-08-12 08:43:27.400097,32280904.9421,31399510.069
173236,2011-08-12 17:03:06.032141,2011-08-12 18:22:48.849421,10705982.6854,9509300.86187
173240,2011-08-12 18:23:44.015364,2011-08-12 19:19:20.322052,6902860.95375,5737724.3468
173241,2011-08-12 19:20:06.311539,2011-08-13 00:17:11.054963,31370301.3588,30595437.8529
173243,2011-08-13 00:17:56.227760,2011-08-13 00:55:15.986096,3447905.54083,3084877.40447
173244,2011-08-13 00:57:33.748689,2011-08-13 01:36:26.830289,3487407.4699,3346911.6604
173380,2011-08-16 21:55:03.177909,2011-08-16 23:06:12.717237,8567325.49168,7642525.43311
173381,2011-08-16 23:07:19.641191,2011-08-17 01:00:52.239463,12101708.7377,11722456.4912
173389,2011-08-17 03:41:04.493271,2011-08-17 07:51:06.207959,28517077.9857,27198176.6999
173406,2011-08-17 11:58:31.929236,2011-08-17 13:39:14.610580,12634635.048,12338437.0813
173430,2011-08-17 20:11:56.173393,2011-08-17 20:56:15.886417,5802074.80339,4931895.36578
173431,2011-08-17 20:57:21.299646,2011-08-17 21:03:34.592702,751342.565968,571583.410801
173438,2011-08-17 23:11:00.156343,2011-08-17 23:29:16.704695,2828033.40971,1462345.95395
173439,2011-08-17 23:30:11.995661,2011-08-18 04:23:46.761741,37218044.7305,35782585.2557
173657,2011-08-21 04:40:33.302573,2011-08-21 04:58:49.850925,2372831.41345,1613771.53965
173658,2011-08-21 04:59:45.140649,2011-08-21 05:45:14.846121,5514752.19642,4493144.59539
173659,2011-08-21 05:46:20.742346,2011-08-21 07:53:06.588362,13819348.0381,13131475.304
173660,2011-08-21 07:53:52.791638,2011-08-21 10:20:05.178454,13980047.9225,13040043.5642
173661,2011-08-21 10:20:51.255534,2011-08-21 11:14:30.908142,4728908.94148,3837598.00371
173662,2011-08-21 11:15:27.119149,2011-08-21 11:24:47.058733,827798.723437,469622.880741
173663,2011-08-21 11:25:42.639989,2011-08-21 12:16:38.976885,4255962.61813,3711355.54371
173664,2011-08-21 12:17:33.525496,2011-08-21 12:40:30.043640,1870068.39948,1747643.48078
173692,2011-08-21 22:27:36.599970,2011-08-22 16:04:29.757858,89756273.2008,88468818.132
175832,2011-09-07 12:36:30.386978,2011-09-07 13:21:36.761634,1622024.51903,1373366.11843
175833,2011-09-07 13:22:39.386901,2011-09-07 13:30:02.672405,264382.676775,2022.99218083
175834,2011-09-07 13:31:03.591637,2011-09-07 16:17:52.511701,4981040.77613,4246528.644
175835,2011-09-07 16:18:54.749644,2011-09-07 17:26:10.980812,1741971.56111,1581416.26218
175837,2011-09-07 17:27:19.010786,2011-09-07 18:37:18.557666,1702432.43876,1656477.24845
175857,2011-09-07 22:16:08.750665,2011-09-07 22:37:31.945545,1238085.13984,980381.923561
175858,2011-09-07 22:38:33.556049,2011-09-07 22:51:00.142161,705769.614475,382599.316611
175860,2011-09-07 22:52:06.784666,2011-09-07 23:25:56.565658,1817959.51637,1610338.54488
175863,2011-09-07 23:29:20.319270,2011-09-08 00:02:46.769446,1685437.47309,1384347.8779
175865,2011-09-08 00:11:06.229718,2011-09-08 00:37:56.056022,1293754.47017,1011833.88081
175866,2011-09-08 00:38:59.436282,2011-09-08 04:04:41.437946,8617764.33214,8470799.82588
175872,2011-09-08 06:56:46.735478,2011-09-08 07:13:53.291382,2245155.92482,1727274.28325
175873,2011-09-08 07:14:54.379277,2011-09-08 07:28:54.288653,1800124.79191,1382458.65906
175874,2011-09-08 07:29:47.942725,2011-09-08 08:15:17.648197,5425632.63808,4689666.4468
175875,2011-09-08 08:16:06.524562,2011-09-08 09:24:32.748178,7587583.80348,6376341.04854
175877,2011-09-08 09:25:36.402797,2011-09-08 09:53:36.221549,2940940.81527,2628867.6853
175881,2011-09-08 10:05:28.022917,2011-09-08 11:11:10.930821,6378642.48873,5777804.72977
175886,2011-09-08 11:25:25.607647,2011-09-08 13:23:14.844895,10276598.4673,9182216.23805
175887,2011-09-08 13:24:09.238818,2011-09-08 14:21:42.199586,4644956.70206,4143096.32053
175888,2011-09-08 14:22:27.598310,2011-09-08 17:12:46.495718,12418596.7447,12158099.6693
175906,2011-09-09 03:38:08.717236,2011-09-09 04:33:21.693108,8978265.42635,6991554.93919
175907,2011-09-09 04:34:11.430444,2011-09-09 04:40:01.392684,1019057.35387,9.3935947687
175910,2011-09-09 04:48:11.885445,2011-09-09 04:52:28.524421,484731.70366,306715.30948
175921,2011-09-09 10:06:00.967059,2011-09-09 12:29:30.038163,22599362.9331,21874460.5689
175971,2011-09-09 18:53:18.873274,2011-09-09 19:15:52.060602,4410918.79884,3518325.80914
175973,2011-09-09 19:21:17.710260,2011-09-09 21:07:50.353844,18634362.5523,17709362.2887
175974,2011-09-09 21:08:49.244566,2011-09-09 21:58:58.919830,7922276.32988,7331286.64078
175975,2011-09-09 21:59:54.148870,2011-09-10 00:33:29.821190,21492149.2591,20579902.8659
175976,2011-09-10 00:34:32.070055,2011-09-10 01:14:11.813287,4775597.30186,4591278.00234
175990,2011-09-10 08:46:49.703023,2011-09-10 09:30:46.085231,7476273.12152,7179315.58929
176023,2011-09-10 15:08:11.767915,2011-09-10 15:43:11.541355,6637836.05811,6390115.92281
176158,2011-09-12 11:16:11.954929,2011-09-12 11:15:48.624113,469233.845954,0.0
176159,2011-09-12 11:17:57.552019,2011-09-12 11:23:47.514259,1243365.02427,0.0
176160,2011-09-12 11:24:43.458369,2011-09-12 11:36:00.052033,2290016.78804,0.0
176161,2011-09-12 11:36:52.246206,2011-09-12 11:50:28.824766,2672233.60222,1382015.20749
176163,2011-09-12 11:56:21.804045,2011-09-12 12:35:38.216461,7225606.8966,4135845.18799
176165,2011-09-12 12:40:31.061905,2011-09-12 13:16:40.827793,6429305.77674,1742370.34758
176166,2011-09-12 13:17:34.796946,2011-09-12 13:36:38.006930,3302413.37528,2128851.22387
176167,2011-09-12 13:37:32.999085,2011-09-12 13:42:12.968877,845420.453704,124155.178934
176169,2011-09-12 13:47:49.522421,2011-09-12 14:43:49.159925,8264454.59071,7939487.91756
176201,2011-09-12 22:56:04.638942,2011-09-13 02:59:06.398942,43344124.7739,41656601.6746
176202,2011-09-13 03:00:15.366216,2011-09-13 04:44:51.355720,15348813.2626,14655463.7824
176206,2011-09-13 04:57:10.125095,2011-09-13 05:38:23.191591,5590810.71037,4750383.49035
176207,2011-09-13 05:39:31.277392,2011-09-13 07:08:34.034256,11152670.0887,10926358.1602
176286,2011-09-13 15:43:13.342070,2011-09-13 18:37:25.547638,31748891.3449,30324975.622
176289,2011-09-13 18:38:11.066830,2011-09-13 19:09:17.532110,4244622.71767,4060581.09207
176304,2011-09-14 00:38:54.297314,2011-09-14 04:13:56.238562,39957614.1986,32631202.1512
176308,2011-09-14 04:14:39.107205,2011-09-14 06:13:38.336901,18115949.4847,16946546.4053
176309,2011-09-14 06:14:36.937482,2011-09-14 17:13:42.670602,70498799.7758,68990791.0436
176461,2011-09-15 17:56:42.658045,2011-09-15 18:37:55.724541,8623944.37493,0.0
176463,2011-09-15 18:41:58.264034,2011-09-15 18:56:44.835042,3008402.74806,0.0
176464,2011-09-15 18:57:43.968008,2011-09-15 19:28:27.102472,5961081.22367,0.0
176465,2011-09-15 19:29:33.125691,2011-09-15 19:36:09.749563,1295726.31236,0.0
176466,2011-09-15 19:37:12.387800,2011-09-15 20:19:35.446744,7649473.55276,858699.270454
176467,2011-09-15 20:20:20.625333,2011-09-15 21:28:23.518133,11373796.6179,10263795.3582
176468,2011-09-15 21:29:19.702203,2011-09-15 22:53:19.158459,13059444.0312,12230723.2935
176469,2011-09-15 22:54:15.539077,2011-09-16 00:13:11.694725,11321293.4121,134934.728067
176470,2011-09-16 00:14:15.944121,2011-09-16 00:16:59.259833,136640.170518,34092.0227966
176545,2011-09-16 17:22:47.333149,2011-09-16 17:34:27.257629,2361089.09376,82554.9905767
176547,2011-09-16 17:35:24.833096,2011-09-16 18:50:27.680584,14094382.5985,12859466.8041
176548,2011-09-16 18:51:14.860989,2011-09-17 01:30:12.278205,58073352.5173,56198738.7075
176697,2011-09-18 23:44:49.751627,2011-09-19 01:42:15.658059,22958683.0142,22008283.1964
176698,2011-09-19 01:43:12.220366,2011-09-19 01:52:32.159950,1713985.6651,7499.81127573
176701,2011-09-19 01:55:29.254815,2011-09-19 02:54:35.538847,9924182.67917,9075251.55354
176702,2011-09-19 02:55:41.342488,2011-09-19 09:03:55.625240,49500104.7287,48221602.2424
176765,2011-09-19 20:40:26.653249,2011-09-19 20:40:03.322433,3841721.69643,3241412.24648
176771,2011-09-20 01:40:06.158571,2011-09-20 02:20:09.232619,7940060.07506,6580022.818
176795,2011-09-20 08:04:41.259056,2011-09-20 08:35:47.724336,6489224.80132,4801570.90195
176796,2011-09-20 08:37:04.029116,2011-09-20 09:21:00.411324,8398984.74147,7056457.0868
176797,2011-09-20 09:22:01.055798,2011-09-20 11:08:10.368566,17726508.7137,15844665.6785
176799,2011-09-20 11:09:11.762787,2011-09-20 12:44:27.812707,13631209.9271,12382723.9876
176801,2011-09-20 12:45:13.406327,2011-09-20 14:42:39.312759,14212142.9178,13328748.6943
176805,2011-09-20 14:43:44.249923,2011-09-20 15:27:17.301315,4970580.66717,4088948.98553
176807,2011-09-20 15:28:38.546450,2011-09-20 18:27:30.721810,18382194.5666,18061777.2911
176841,2011-09-21 08:36:35.925552,2011-09-21 10:01:22.043440,13480796.1494,9832678.62764
176842,2011-09-21 10:02:16.729122,2011-09-21 10:16:16.638498,2142721.66279,1486259.76099
176844,2011-09-21 10:23:24.536514,2011-09-21 11:09:17.572802,6588857.04519,5439963.48079
176848,2011-09-21 11:10:25.286203,2011-09-21 11:25:58.518843,2185345.52396,1150193.89881
176850,2011-09-21 11:30:40.432292,2011-09-21 13:30:26.323620,15270167.9894,14437072.8877
176860,2011-09-21 13:31:35.232524,2011-09-21 16:35:30.708492,20208224.6113,18752385.2557
176868,2011-09-21 16:41:33.169722,2011-09-21 19:53:38.592826,17988612.621,17699883.4559
176885,2011-09-22 02:28:24.580216,2011-09-22 03:39:34.119544,12829868.2241,11929458.1513
176886,2011-09-22 03:41:09.902126,2011-09-22 08:21:31.420462,40130309.0408,36107622.0772
176889,2011-09-22 08:22:27.399808,2011-09-22 09:01:43.812224,4352496.97956,4134022.09149
176927,2011-09-22 13:01:04.486198,2011-09-22 13:04:34.463542,765975.825881,0.0
176928,2011-09-22 13:05:34.884080,2011-09-22 13:53:24.574448,9003616.03578,8242222.3924
176929,2011-09-22 13:54:30.032949,2011-09-22 16:03:59.194677,21114416.0113,19645376.5021
176933,2011-09-22 16:04:48.360926,2011-09-22 18:55:07.258334,22866971.0196,21678088.8387
176959,2011-09-23 01:22:36.733189,2011-09-23 01:35:26.650117,1204277.16622,1089899.69749
176982,2011-09-23 07:39:13.442939,2011-09-23 07:43:06.751099,391550.832779,233603.53854
177053,2011-09-23 15:47:47.825510,2011-09-23 20:16:29.419366,40571837.1462,39189733.0075
177074,2011-09-24 12:39:40.146124,2011-09-24 17:20:48.326092,41348199.4912,40050663.327
177088,2011-09-24 22:06:30.787698,2011-09-24 22:23:14.012786,2738540.60226,2529861.85418
177095,2011-09-25 00:36:33.145194,2011-09-25 01:39:09.406570,10023258.8468,9290301.03529
177096,2011-09-25 01:40:15.027276,2011-09-25 02:53:44.551500,10490269.712,9823438.05027
177131,2011-09-25 13:10:36.408434,2011-09-25 13:48:19.497586,7070365.0995,6848870.47394
177138,2011-09-25 17:33:01.892319,2011-09-25 17:32:38.561503,5890546.7196,4329983.346
177139,2011-09-25 17:34:55.709351,2011-09-25 21:41:27.446695,39296361.6991,37416963.6642
177140,2011-09-25 21:42:16.413075,2011-09-26 01:24:18.309011,28069121.9971,26433833.2661
177141,2011-09-26 01:25:06.557256,2011-09-26 05:28:54.978888,25675724.826,25170237.9678
177182,2011-09-26 10:48:23.854280,2011-09-26 10:53:03.824072,1050145.81404,15.2607656103
177183,2011-09-26 10:54:12.897540,2011-09-26 12:20:09.007876,16732541.1554,15708602.2798
177184,2011-09-26 12:20:58.064440,2011-09-26 12:36:31.297080,2483895.43205,2253465.69669
177201,2011-09-26 15:43:23.781053,2011-09-26 20:33:28.569789,47183791.4283,46235124.8494
177222,2011-09-27 03:09:07.402645,2011-09-27 05:04:59.985813,20702989.5675,19973598.3252
177313,2011-09-28 02:36:57.213109,2011-09-28 02:36:33.882293,1055825.13764,530234.916502
177316,2011-09-28 02:50:10.007245,2011-09-28 02:53:16.653773,711998.351624,5654.46947942
177317,2011-09-28 02:54:15.198957,2011-09-28 03:18:45.040365,4910044.92607,4238364.81658
177318,2011-09-28 03:19:39.364155,2011-09-28 05:59:51.660347,27937654.0083,26621776.021
177319,2011-09-28 06:00:42.243223,2011-09-28 08:25:44.637591,20450137.6872,19968715.3862
177449,2011-09-29 00:54:52.575425,2011-09-29 04:00:21.374657,34685571.3425,27597386.7877
177452,2011-09-29 04:01:03.312632,2011-09-29 05:06:22.889720,9835562.30893,9484502.98906
177507,2011-09-29 18:00:50.715495,2011-09-29 18:52:10.383207,9936550.48408,9114006.66057
177509,2011-09-29 18:55:00.655765,2011-09-29 20:14:43.473045,14108024.7181,12842477.254
177515,2011-09-29 20:19:40.637713,2011-09-30 04:05:30.955281,60525695.8714,59336822.3221
177718,2011-10-01 20:01:19.371853,2011-10-02 06:25:02.000717,89996527.1251,86878176.8604
177719,2011-10-02 06:25:35.510423,2011-10-02 11:01:40.389783,25666534.0844,24972914.1319
177730,2011-10-02 16:44:21.422527,2011-10-03 07:26:15.713215,117961033.382,115815845.967
177776,2011-10-03 18:33:41.338055,2011-10-03 18:49:14.570695,3047074.82468,2869330.52396
177782,2011-10-03 21:56:54.888636,2011-10-03 23:03:24.458172,13268850.1438,11564246.2782
177783,2011-10-03 23:04:23.254829,2011-10-04 01:34:28.949805,25391302.7568,23190172.149
177785,2011-10-04 01:35:27.880622,2011-10-04 01:56:27.744686,3185557.43284,13866.9458641
177786,2011-10-04 01:57:26.706669,2011-10-04 02:48:46.374381,7418050.62454,129806.060442
177788,2011-10-04 02:49:51.423450,2011-10-04 03:23:41.204442,4709294.62179,2311557.1227
177789,2011-10-04 03:24:39.395151,2011-10-04 04:03:32.476751,5195525.90707,3908054.35342
177790,2011-10-04 04:04:39.050955,2011-10-04 08:45:00.569291,32017730.0753,31214746.6295
177791,2011-10-04 08:45:47.849339,2011-10-04 10:10:33.967227,8286393.64358,8010609.15622
177875,2011-10-04 18:36:13.217565,2011-10-04 22:02:41.880861,36012878.7204,34708989.8069
177878,2011-10-04 22:03:29.362739,2011-10-05 03:33:13.894707,41352661.3443,40694298.3055
178003,2011-10-07 03:23:30.678528,2011-10-07 03:38:17.249536,60387.6598876,4372.6126474
178004,2011-10-07 03:39:15.937706,2011-10-07 06:16:44.918186,592249.316398,588001.772616
178078,2011-10-08 02:33:04.860586,2011-10-08 03:10:24.618922,7789484.33846,6061910.77726
178098,2011-10-08 09:41:38.513539,2011-10-08 14:17:20.062083,48583527.6738,46312402.0239
178099,2011-10-08 14:17:59.619457,2011-10-08 15:43:55.729793,12220109.2268,10171249.8419
178100,2011-10-08 15:45:05.144396,2011-10-09 02:18:54.374476,66490137.8436,64998975.3996
178101,2011-10-09 02:19:22.731944,2011-10-09 02:50:29.197224,2557146.5176,2257881.16036
178102,2011-10-09 02:51:31.480888,2011-10-09 02:58:31.435576,563689.52145,457787.357115
178110,2011-10-09 09:10:37.863955,2011-10-09 11:56:40.122387,33043082.3803,31076506.8675
178116,2011-10-09 12:02:39.998068,2011-10-09 16:05:41.758068,37197133.4994,36241552.3478
178151,2011-10-09 23:44:42.819478,2011-10-10 00:15:25.953942,6199217.10261,5971318.31364
178160,2011-10-10 03:27:05.320728,2011-10-10 06:43:50.713624,37515023.9375,35271352.4508
178162,2011-10-10 06:44:36.909083,2011-10-10 07:52:16.471067,10511401.5028,10125092.7758
178198,2011-10-10 13:27:38.066051,2011-10-10 13:33:04.697475,2290.82133769,569.827932799
178202,2011-10-10 13:33:52.755494,2011-10-10 13:38:32.725286,1962.86965907,0.0826331830385
178203,2011-10-10 13:39:31.555236,2011-10-10 14:09:04.697252,11253.8330352,7615.97236837
178207,2011-10-10 14:14:26.299589,2011-10-10 14:24:09.569989,3630.91866658,1995.53333364
178208,2011-10-10 14:24:57.537445,2011-10-10 17:18:46.412197,53518.9599391,52719.469692
178365,2011-10-12 02:21:17.039107,2011-10-12 09:05:17.756931,69378402.8983,67031171.3238
178367,2011-10-12 09:22:32.354268,2011-10-12 14:08:43.834844,32826469.4042,31034301.6941
178380,2011-10-12 14:09:31.963904,2011-10-12 15:24:58.142208,6945598.75413,6850909.76754
178420,2011-10-13 00:53:53.602099,2011-10-13 01:05:10.195763,2549908.95444,869265.900922
178421,2011-10-13 01:06:06.170081,2011-10-13 08:59:19.773153,75341902.546,69337484.4928
178424,2011-10-13 08:59:49.711702,2011-10-13 14:30:20.905302,34057885.9126,33594411.2521
178479,2011-10-13 20:53:14.924135,2011-10-14 03:02:39.199335,64737197.8983,62671909.3842
178667,2011-10-15 01:04:03.712555,2011-10-15 01:23:53.584171,277169.847237,71347.0522238
178669,2011-10-15 01:24:59.369413,2011-10-15 01:33:55.978181,123463.673393,1.50667358973
178670,2011-10-15 01:34:50.114868,2011-10-15 01:40:40.077108,80794.573574,0.390396669939
178671,2011-10-15 01:41:42.891740,2011-10-15 01:49:52.838876,109435.875474,0.331639939658
178675,2011-10-15 02:18:16.166685,2011-10-15 02:29:09.429533,132919.609931,38534.5089302
178677,2011-10-15 02:30:17.705877,2011-10-15 02:33:24.352405,27235.2684414,6036.37749832
178703,2011-10-15 07:27:47.497842,2011-10-15 08:28:03.774322,12748211.3383,10905255.3869
178708,2011-10-15 08:38:53.179035,2011-10-15 11:06:38.889115,26728746.1156,25013687.4812
178712,2011-10-15 11:07:33.592358,2011-10-15 13:49:19.211814,24462211.3166,22474785.8663
178724,2011-10-15 13:50:21.413848,2011-10-15 15:41:10.696408,14729915.125,13078497.6562
178731,2011-10-15 15:42:02.088227,2011-10-15 17:08:21.529379,10530027.1809,9551907.21667
178738,2011-10-15 17:09:24.415213,2011-10-15 18:50:07.096557,10755466.6081,10541354.7187
178786,2011-10-15 23:46:09.817031,2011-10-16 00:56:09.363911,14587689.5193,13742584.4641
178803,2011-10-16 03:30:39.723435,2011-10-16 06:47:48.447147,31886631.189,30561235.4888
178840,2011-10-16 13:11:33.770066,2011-10-16 16:53:12.335186,43791063.8657,41511477.7744
178854,2011-10-16 16:54:30.180454,2011-10-16 17:51:39.810406,9610477.16013,8371801.01308
178866,2011-10-16 17:52:39.103009,2011-10-16 20:41:01.346337,25268541.3237,24049110.0256
178871,2011-10-16 20:41:48.904666,2011-10-17 04:59:09.018330,56550038.2587,55720195.9791
178920,2011-10-17 12:10:54.535414,2011-10-17 13:45:47.254518,20434099.458,19734912.5219
178970,2011-10-17 20:11:25.214057,2011-10-17 23:42:10.516329,40916727.7886,39314391.2801
178985,2011-10-17 23:42:52.522647,2011-10-18 00:13:58.987927,4879493.93789,4614883.32929
179315,2011-10-21 04:03:06.334115,2011-10-21 10:17:10.579107,584.214192078,37.4816643772
179346,2011-10-21 10:17:48.076945,2011-10-21 10:24:48.031633,10.5821867784,0.393249908077
179348,2011-10-21 10:27:50.435667,2011-10-21 12:29:56.311891,170.280437631,13.2038604477
179410,2011-10-22 04:50:28.631874,2011-10-22 05:01:21.894722,2231575.62704,140139.261274
179411,2011-10-22 05:02:13.852888,2011-10-22 05:45:23.573464,7998526.51183,7598037.33066
179431,2011-10-22 09:14:53.899711,2011-10-22 09:16:50.553791,490485.492667,0.105933104811
179434,2011-10-22 09:17:52.338970,2011-10-22 14:15:43.744026,54050531.0289,50483825.9305
179452,2011-10-22 14:20:36.567422,2011-10-22 22:25:06.764158,61334986.7856,59176845.9342
179476,2011-10-22 22:25:45.562930,2011-10-22 23:46:15.041842,8089625.70165,7626317.81776
179497,2011-10-23 04:30:53.567479,2011-10-23 06:55:09.300215,29126007.8137,25664006.8221
179547,2011-10-23 16:46:13.065091,2011-10-23 18:34:42.362755,23548219.1509,20909934.1666
179558,2011-10-23 18:36:06.957749,2011-10-23 19:30:56.602805,10795493.4669,9651974.02869
179563,2011-10-23 19:32:08.387524,2011-10-24 03:12:55.404484,70842433.0756,68907633.6439
179816,2011-10-25 14:22:00.826169,2011-10-25 14:41:04.036153,71832.8281188,41799.0487547
179823,2011-10-25 14:41:59.276809,2011-10-25 14:50:09.223945,30912.742198,19664.3900406
179827,2011-10-25 14:51:14.290867,2011-10-25 14:59:00.907187,29148.9188611,13230.7567408
179828,2011-10-25 14:59:51.883880,2011-10-25 17:38:07.525992,415650.929941,409563.578385
179889,2011-10-26 04:21:57.034929,2011-10-26 07:32:29.134769,38045686.2676,36931910.7092
179959,2011-10-26 20:54:45.403127,2011-10-26 21:03:42.011895,2022881.38215,1871525.93662
179977,2011-10-27 01:52:05.957586,2011-10-27 02:39:32.317138,9226666.75294,7942434.11826
180072,2011-10-27 18:51:05.291636,2011-10-27 19:15:58.463860,5258120.49349,4303399.17793
180076,2011-10-27 19:24:59.724306,2011-10-27 21:46:08.810514,26840101.2876,24805845.1781
180091,2011-10-27 21:46:51.196702,2011-10-27 21:51:54.497310,943522.165477,22.1965268431
180093,2011-10-27 21:52:52.564348,2011-10-28 00:09:45.011580,21172434.9975,20170268.0269
180241,2011-10-30 06:27:42.393534,2011-10-30 08:50:01.472190,29671890.7451,28334008.6939
180249,2011-10-30 11:57:07.453329,2011-10-30 11:57:07.453329,93265.8176638,0.0
180250,2011-10-30 11:58:09.414983,2011-10-30 15:30:28.040519,44815300.1333,42170506.7387
180251,2011-10-30 15:31:28.334652,2011-10-30 15:35:44.973628,864279.461724,0.865070180056
180252,2011-10-30 15:36:51.288107,2011-10-30 16:09:54.407467,6090730.04054,5634764.90754
#TotalRun,TotalDelivered,TotalRecorded
#717,6.095 fb$^{-1}$,5.561 fb$^{-1}$
